{
  "test1_prediction": {
    "in_distribution": {
      "ADE_neural": 0.12143818695845165,
      "FDE_neural": 0.33484686943107644,
      "ADE_const_vel": 0.1903436045860766,
      "FDE_const_vel": 0.5224743046008551,
      "horizon_s": 3.0,
      "episodes": 40,
      "env": "in-distribution"
    },
    "out_of_distribution": {
      "ADE_neural": 0.18696128957955863,
      "FDE_neural": 0.5216510511567286,
      "ADE_const_vel": 0.44801812483870423,
      "FDE_const_vel": 1.2314088755984116,
      "horizon_s": 3.0,
      "episodes": 40,
      "env": "unseen-harder"
    }
  },
  "test2_planning": {
    "in_distribution": {
      "Reactive": {
        "success_rate": 0.6666666666666666,
        "collision_rate": 0.3333333333333333,
        "avg_steps": 164.9,
        "avg_path_length": 16.537199226438812,
        "avg_smoothness": 18.314486088556496,
        "avg_energy": 19.645444700327257
      },
      "DWA": {
        "success_rate": 1.0,
        "collision_rate": 0.0,
        "avg_steps": 184.03333333333333,
        "avg_path_length": 20.946000000000005,
        "avg_smoothness": 4.167666666666666,
        "avg_energy": 24.547066666666655
      },
      "MPPI": {
        "success_rate": 0.9333333333333333,
        "collision_rate": 0.0,
        "avg_steps": 270.93333333333334,
        "avg_path_length": 21.54442794994544,
        "avg_smoothness": 6.432240034271766,
        "avg_energy": 17.494176213673096
      },
      "Neural-MPC": {
        "success_rate": 1.0,
        "collision_rate": 0.0,
        "avg_steps": 268.7,
        "avg_path_length": 21.3184382749453,
        "avg_smoothness": 6.2400417632496294,
        "avg_energy": 17.20516352065165
      }
    },
    "out_of_distribution": {
      "Reactive": {
        "success_rate": 0.7,
        "collision_rate": 0.3,
        "avg_steps": 160.86666666666667,
        "avg_path_length": 17.54038077637121,
        "avg_smoothness": 6.360433616736706,
        "avg_energy": 20.842025185387925
      },
      "DWA": {
        "success_rate": 0.9666666666666667,
        "collision_rate": 0.03333333333333333,
        "avg_steps": 185.0,
        "avg_path_length": 20.857333333333337,
        "avg_smoothness": 4.546,
        "avg_energy": 24.430133333333327
      },
      "MPPI": {
        "success_rate": 0.9333333333333333,
        "collision_rate": 0.0,
        "avg_steps": 283.93333333333334,
        "avg_path_length": 22.42852104557396,
        "avg_smoothness": 7.14717680124755,
        "avg_energy": 18.215637360898025
      },
      "Neural-MPC": {
        "success_rate": 0.9333333333333333,
        "collision_rate": 0.0,
        "avg_steps": 284.3666666666667,
        "avg_path_length": 22.36408353174972,
        "avg_smoothness": 6.753786306712538,
        "avg_energy": 17.96204026390616
      }
    }
  },
  "test4_uncertainty": {
    "disagreement_error_correlation": 0.492007246169404,
    "n_members": 5,
    "env": "stress"
  },
  "test5_risk_aware_stress": {
    "Single model\n(1 future)": {
      "success_rate": 0.7,
      "collision_rate": 0.25,
      "energy": 17.558483385573663,
      "episodes": 20
    },
    "Ensemble mean\n(5 futures)": {
      "success_rate": 0.75,
      "collision_rate": 0.15,
      "energy": 18.130508596903535,
      "episodes": 20
    },
    "Ensemble CVaR\n(risk-aware)": {
      "success_rate": 0.7,
      "collision_rate": 0.15,
      "energy": 18.32303039227563,
      "episodes": 20
    }
  },
  "test6_occupancy": {
    "prediction": {
      "IoU_neural_ensemble": 0.6556302440052248,
      "soft_IoU_neural_ensemble": 0.6552016114964053,
      "IoU_const_velocity": 0.5690505363185965,
      "checkpoints_s": [
        0.5,
        1.0,
        1.5
      ],
      "episodes": 30
    },
    "planning_stress": {
      "Neural-MPC": {
        "success_rate": 0.45,
        "collision_rate": 0.35,
        "energy": 17.203972297149626
      },
      "Risk-MPC": {
        "success_rate": 0.5,
        "collision_rate": 0.1,
        "energy": 19.502153761892707
      },
      "Occupancy-MPC": {
        "success_rate": 0.55,
        "collision_rate": 0.25,
        "energy": 17.934404740671305
      }
    }
  }
}