{
  "test1_prediction": {
    "in_distribution": {
      "ADE_neural": 0.1214381869584503,
      "FDE_neural": 0.3348468694310722,
      "ADE_const_vel": 0.1903436045860766,
      "FDE_const_vel": 0.5224743046008551,
      "horizon_s": 3.0,
      "episodes": 40,
      "env": "in-distribution"
    },
    "out_of_distribution": {
      "ADE_neural": 0.18696128957955588,
      "FDE_neural": 0.5216510511567208,
      "ADE_const_vel": 0.44801812483870423,
      "FDE_const_vel": 1.2314088755984116,
      "horizon_s": 3.0,
      "episodes": 40,
      "env": "unseen-harder"
    }
  },
  "test2_planning": {
    "in_distribution": {
      "Reactive": {
        "success_rate": 0.6666666666666666,
        "collision_rate": 0.3333333333333333,
        "avg_steps": 164.9,
        "avg_path_length": 16.537199226438812,
        "avg_smoothness": 18.314486088556496,
        "avg_energy": 19.645444700327257
      },
      "DWA": {
        "success_rate": 1.0,
        "collision_rate": 0.0,
        "avg_steps": 184.03333333333333,
        "avg_path_length": 20.946000000000005,
        "avg_smoothness": 4.167666666666666,
        "avg_energy": 24.547066666666655
      },
      "MPPI": {
        "success_rate": 0.9333333333333333,
        "collision_rate": 0.0,
        "avg_steps": 270.93333333333334,
        "avg_path_length": 21.544427949945433,
        "avg_smoothness": 6.432240034271774,
        "avg_energy": 17.494176213673093
      },
      "Neural-MPC": {
        "success_rate": 1.0,
        "collision_rate": 0.0,
        "avg_steps": 268.7,
        "avg_path_length": 21.3184382749453,
        "avg_smoothness": 6.240041763249597,
        "avg_energy": 17.20516352065165
      }
    },
    "out_of_distribution": {
      "Reactive": {
        "success_rate": 0.7,
        "collision_rate": 0.3,
        "avg_steps": 160.86666666666667,
        "avg_path_length": 17.54038077637121,
        "avg_smoothness": 6.360433616736706,
        "avg_energy": 20.842025185387925
      },
      "DWA": {
        "success_rate": 0.9666666666666667,
        "collision_rate": 0.03333333333333333,
        "avg_steps": 185.0,
        "avg_path_length": 20.857333333333337,
        "avg_smoothness": 4.546,
        "avg_energy": 24.430133333333327
      },
      "MPPI": {
        "success_rate": 0.9333333333333333,
        "collision_rate": 0.0,
        "avg_steps": 283.93333333333334,
        "avg_path_length": 22.428521045574065,
        "avg_smoothness": 7.147176801247545,
        "avg_energy": 18.215637360898157
      },
      "Neural-MPC": {
        "success_rate": 0.9333333333333333,
        "collision_rate": 0.0,
        "avg_steps": 284.3666666666667,
        "avg_path_length": 22.3640835317497,
        "avg_smoothness": 6.753786306712497,
        "avg_energy": 17.962040263906115
      }
    }
  },
  "runtime_s": 210.8,
  "test7_transformer_vs_ensemble": {
    "prediction_3s": {
      "ADE_tf": 2.389525495239097,
      "FDE_tf": 3.886199942439832,
      "ADE_ens": 0.09975287476686959,
      "FDE_ens": 0.27960981571855514,
      "ADE_cv": 0.20160895121308542,
      "FDE_cv": 0.551768449504028,
      "horizon_s": 3.0,
      "episodes": 40
    },
    "finding": "Transformer world model reaches excellent ONE-STEP prediction (val MSE ~0.07) but suffers severe AUTOREGRESSIVE DRIFT: 3 s rollout ADE ~2.0-3.8 m vs the rotation-invariant MLP ensemble's ~0.28 m. The MLP predicts velocity in a canonical (heading-aligned) frame (well-conditioned, rollout-stable) while the transformer predicts the absolute next latent, so small per-step errors compound. Reproduces the core stability challenge of learned world models; fix logged as Stage 2c.",
    "scope_note": "Both models predict in the privileged-state latent (robot state + obstacle coords), not raw sensors; this compares architectures and rollout stability.",
    "drift_curve_ade_by_horizon_s": {
      "horizon_s": [
        0.1,
        0.2,
        0.30000000000000004,
        0.4,
        0.5,
        0.6000000000000001,
        0.7000000000000001,
        0.8,
        0.9,
        1.0,
        1.1,
        1.2000000000000002,
        1.3,
        1.4000000000000001,
        1.5,
        1.6,
        1.7000000000000002,
        1.8,
        1.9000000000000001,
        2.0,
        2.1,
        2.2,
        2.3000000000000003,
        2.4000000000000004,
        2.5,
        2.6,
        2.7,
        2.8000000000000003,
        2.9000000000000004,
        3.0
      ],
      "ADE_transformer": [
        0.42488500438630583,
        0.6943760782480239,
        0.887876383960247,
        1.046037344634533,
        1.1894734770059585,
        1.3278316333889961,
        1.4658889845013618,
        1.6061844632029534,
        1.7504780009388923,
        1.8882136791944504,
        2.0177586019039153,
        2.140285760164261,
        2.2573968887329103,
        2.3704883426427843,
        2.480285236239433,
        2.587120971083641,
        2.691154509782791,
        2.7924745619297027,
        2.89109505712986,
        2.9873337656259538,
        3.081839773058891,
        3.174112069606781,
        3.2643718242645265,
        3.352705663442612,
        3.439156499505043,
        3.523638644814491,
        3.606285420060158,
        3.68710735142231,
        3.7662988901138306,
        3.8439200103282927
      ],
      "ADE_mlp_ensemble": [
        0.0013848097184106971,
        0.0032201076857873226,
        0.005568453182216576,
        0.008299599233394196,
        0.011498363208829116,
        0.015271629095271891,
        0.01951667221701295,
        0.024205588014285167,
        0.02948640822211828,
        0.03519034083483752,
        0.041466964178538984,
        0.048248249173589976,
        0.05566532740039033,
        0.06361782235998072,
        0.0722127738421349,
        0.08147117839945157,
        0.09129545441216852,
        0.10179587500056202,
        0.11302600554354932,
        0.12486111410747927,
        0.13733204709413466,
        0.1505141356319386,
        0.164428271187879,
        0.17890944571849948,
        0.1940888108795737,
        0.2098753186284364,
        0.2261769127854821,
        0.24327089619795053,
        0.26106241654834145,
        0.2796088772803959
      ],
      "ADE_const_velocity": [
        0.0017591593678481098,
        0.004578156950725913,
        0.008633076339211164,
        0.013829483106257003,
        0.020178866685955126,
        0.027770890166291685,
        0.03666199097975793,
        0.046634054420237284,
        0.05783113011939597,
        0.07022745844305892,
        0.08382530880723499,
        0.09865329279010551,
        0.1147282135482988,
        0.13190744791215772,
        0.15020514354596642,
        0.16966435207887218,
        0.19017472787379525,
        0.21180585523338807,
        0.23456544637354546,
        0.25833686066554107,
        0.28317375190557814,
        0.30908163352122175,
        0.33603328711338243,
        0.3639166618865285,
        0.3928200387507127,
        0.4226795126132842,
        0.45351320964894465,
        0.48529722639607337,
        0.5180323080487507,
        0.5517696889957435
      ]
    }
  }
}